{"BAPS":{"scores":[144.34,173.1],"teamOne":false,"total":317.44,"wins":2,"losses":0},"Ben":{"scores":[119,135.84],"teamOne":true,"total":254.84,"wins":1,"losses":1},"Abel":{"scores":[96.16,175.86],"teamOne":true,"total":272.02,"wins":1,"losses":1},"VUDO":{"scores":[115.44,124.28],"teamOne":false,"total":239.72,"wins":2,"losses":0},"QC":{"scores":[102.8,127.8],"teamOne":true,"total":230.6,"wins":1,"losses":1},"TSO":{"scores":[98.16,141.42],"teamOne":true,"total":239.57999999999998,"wins":1,"losses":1},"JOHN":{"scores":[141.46,75.02],"teamOne":true,"total":216.48000000000002,"wins":1,"losses":1},"Vish":{"scores":[125.06,103.52],"teamOne":false,"total":228.57999999999998,"wins":1,"losses":1},".":{"scores":[82.12,97.24],"teamOne":false,"total":179.36,"wins":1,"losses":1},"AM":{"scores":[77.14,150.92],"teamOne":false,"total":228.06,"wins":1,"losses":1},"WV":{"scores":[104.62,117.54],"teamOne":false,"total":222.16000000000003,"wins":0,"losses":2},"CHAU":{"scores":[131.38,124.98],"teamOne":true,"total":256.36,"wins":0,"losses":2},"teamOnePoints":{"scores":[688.9599999999999,780.92,0,0,0,0,0,0,0,0,0,0,0,0],"total":1469.8799999999999,"rollingDiff":[40.239999999999895,54.55999999999983,54.55999999999983,54.55999999999983,54.55999999999983,54.55999999999983,54.55999999999983,54.55999999999983,54.55999999999983,54.55999999999983,54.55999999999983,54.55999999999983,54.55999999999983,54.55999999999983]},"teamTwoPoints":{"scores":[648.72,766.6,0,0,0,0,0,0,0,0,0,0,0,0],"total":1415.32,"rollingDiff":[-40.239999999999895,-54.55999999999983,-54.55999999999983,-54.55999999999983,-54.55999999999983,-54.55999999999983,-54.55999999999983,-54.55999999999983,-54.55999999999983,-54.55999999999983,-54.55999999999983,-54.55999999999983,-54.55999999999983,-54.55999999999983]}}