{"BS":{"scores":[129.48,122.04,126.18,116.28,98.36],"teamOne":false,"total":592.34},"B":{"scores":[80.08,152.76,104.36,126.32,121.16],"teamOne":true,"total":584.68},"Al":{"scores":[105.82,77.08,122.14,156.96,133.64],"teamOne":true,"total":595.64},"VO":{"scores":[181.6,111.36,124.42,130.4,115.46],"teamOne":false,"total":663.24},"QC":{"scores":[140.74,170.14,86.98,124.84,174.46],"teamOne":true,"total":697.1600000000001},"TO":{"scores":[128.44,174.92,106.8,154.62,138.78],"teamOne":true,"total":703.56},"JN":{"scores":[112.46,141.7,122.62,147.7,136.46],"teamOne":true,"total":660.94},"Vh":{"scores":[104.36,136.78,133.04,107.68,80.1],"teamOne":false,"total":561.9599999999999},".":{"scores":[122.64,86.46,91.5,141.8,120.42],"teamOne":false,"total":562.82},"AM":{"scores":[108.96,111.52,110.28,122.58,144.82],"teamOne":false,"total":598.16},"WV":{"scores":[109.1,115.06,111.88,97.26,90.8],"teamOne":false,"total":524.0999999999999},"CU":{"scores":[127.82,147.14,137.72,112.56,122.4],"teamOne":true,"total":647.64},"teamOnePoints":{"scores":[695.3599999999999,863.74,680.62,823,826.9,0,0,0,0,0,0,0,0,0],"total":3889.62,"rollingDiff":[-60.780000000000086,119.7399999999999,103.05999999999983,210.05999999999983,386.9999999999998,386.9999999999998,386.9999999999998,386.9999999999998,386.9999999999998,386.9999999999998,386.9999999999998,386.9999999999998,386.9999999999998,386.9999999999998]},"teamTwoPoints":{"scores":[756.14,683.22,697.3000000000001,716,649.96,0,0,0,0,0,0,0,0,0],"total":3502.620000000001,"rollingDiff":[60.780000000000086,-119.7399999999999,-103.05999999999983,-210.05999999999983,-386.9999999999998,-386.9999999999998,-386.9999999999998,-386.9999999999998,-386.9999999999998,-386.9999999999998,-386.9999999999998,-386.9999999999998,-386.9999999999998,-386.9999999999998]}}